Symbol,Security,SEC filings,GICS Sector,GICS Sub-Industry,Headquarters Location,Date first added,CIK,Founded,Country
MMM,3M Company,reports,Industrials,Industrial Conglomerates,"St. Paul, Minnesota",09/08/1976,66740,1902,USA
ABT,Abbott Laboratories,reports,Health Care,Health Care Equipment,"North Chicago, Illinois",31/03/1964,1800,1888,USA
ABBV,AbbVie Inc.,reports,Health Care,Pharmaceuticals,"North Chicago, Illinois",31/12/2012,1551152,1888,USA
ABMD,Abiomed,reports,Health Care,Health Care Equipment,"Danvers, Massachusetts",31/05/2018,815094,1981,USA
ACN,Accenture,reports,Information Technology,IT Consulting & Other Services,"Dublin, Ireland",06/07/2011,1467373,1989,Ireland
ATVI,Activision Blizzard,reports,Communication Services,Interactive Home Entertainment,"Santa Monica, California",31/08/2015,718877,2008,USA
ADBE,Adobe Inc.,reports,Information Technology,Application Software,"San Jose, California",05/05/1997,796343,1982,USA
AMD,Advanced Micro Devices,reports,Information Technology,Semiconductors,"Santa Clara, California",20/03/2017,2488,1969,USA
AAP,Advance Auto Parts,reports,Consumer Discretionary,Automotive Retail,"Raleigh, North Carolina",09/07/2015,1158449,1932,USA
AES,AES Corp,reports,Utilities,Independent Power Producers & Energy Traders,"Arlington, Virginia",02/10/1998,874761,1981,USA
AFL,Aflac,reports,Financials,Life & Health Insurance,"Columbus, Georgia",28/05/1999,4977,1955,USA
A,Agilent Technologies,reports,Health Care,Health Care Equipment,"Santa Clara, California",05/06/2000,1090872,1999,USA
APD,Air Products & Chemicals,reports,Materials,Industrial Gases,"Allentown, Pennsylvania",30/04/1985,2969,1940,USA
AKAM,Akamai Technologies,reports,Information Technology,Internet Services & Infrastructure,"Cambridge, Massachusetts",12/07/2007,1086222,1998,USA
ALK,Alaska Air Group,reports,Industrials,Airlines,"Seattle, Washington",13/05/2016,766421,1985,USA
ALB,Albemarle Corporation,reports,Materials,Specialty Chemicals,"Charlotte, North Carolina",01/07/2016,915913,1994,USA
ARE,Alexandria Real Estate Equities,reports,Real Estate,Office REITs,"Pasadena, California",20/03/2017,1035443,1994,USA
ALXN,Alexion Pharmaceuticals,reports,Health Care,Pharmaceuticals,"Boston, Massachusetts",25/05/2012,899866,1992,USA
ALGN,Align Technology,reports,Health Care,Health Care Supplies,"San Jose, California",19/06/2017,1097149,1997,USA
ALLE,Allegion,reports,Industrials,Building Products,"Dublin, Ireland",02/12/2013,1579241,1908,Ireland
LNT,Alliant Energy,reports,Utilities,Electric Utilities,"Madison, Wisconsin",01/07/2016,352541,1917,USA
ALL,Allstate Corp,reports,Financials,Property & Casualty Insurance,"Northfield Township, Illinois",13/07/1995,899051,1931,USA
GOOGL,Alphabet Inc. (Class A),reports,Communication Services,Interactive Media & Services,"Mountain View, California",03/04/2014,1652044,1998,USA
GOOG,Alphabet Inc. (Class C),reports,Communication Services,Interactive Media & Services,"Mountain View, California",03/04/2006,1652044,1998,USA
MO,Altria Group Inc,reports,Consumer Staples,Tobacco,"Richmond, Virginia",04/03/1957,764180,1985,USA
AMZN,Amazon.com Inc.,reports,Consumer Discretionary,Internet & Direct Marketing Retail,"Seattle, Washington",18/11/2005,1018724,1994,USA
AMCR,Amcor plc,reports,Materials,Paper Packaging,"Warmley, Bristol, United Kingdom",07/06/2019,1748790,1860,United Kingdom
AEE,Ameren Corp,reports,Utilities,Multi-Utilities,"St. Louis, Missouri",19/09/1991,1002910,1902,USA
AAL,American Airlines Group,reports,Industrials,Airlines,"Fort Worth, Texas",23/03/2015,6201,1934,USA
AEP,American Electric Power,reports,Utilities,Electric Utilities,"Columbus, Ohio",04/03/1957,4904,1906,USA
AXP,American Express,reports,Financials,Consumer Finance,"New York, New York",30/06/1976,4962,1850,USA
AIG,American International Group,reports,Financials,Property & Casualty Insurance,"New York, New York",31/03/1980,5272,1919,USA
AMT,American Tower Corp.,reports,Real Estate,Specialized REITs,"Boston, Massachusetts",19/11/2007,1053507,1995,USA
AWK,American Water Works,reports,Utilities,Water Utilities,"Camden, New Jersey",04/03/2016,1410636,1886,USA
AMP,Ameriprise Financial,reports,Financials,Asset Management & Custody Banks,"Minneapolis, Minnesota",03/10/2005,820027,1894,USA
ABC,AmerisourceBergen,reports,Health Care,Health Care Distributors,"Chesterbrook, Pennsylvania",30/08/2001,1140859,1985,USA
AME,Ametek,reports,Industrials,Electrical Components & Equipment,"Berwyn, Pennsylvania",23/09/2013,1037868,1930,USA
AMGN,Amgen Inc.,reports,Health Care,Biotechnology,"Thousand Oaks, California",02/01/1992,318154,1980,USA
APH,Amphenol Corp,reports,Information Technology,Electronic Components,"Wallingford, Connecticut",30/09/2008,820313,1932,USA
ADI,"Analog Devices, Inc.",reports,Information Technology,Semiconductors,"Norwood, Massachusetts",12/10/1999,6281,1965,USA
ANSS,"ANSYS, Inc.",reports,Information Technology,Application Software,"Canonsburg, Pennsylvania",19/06/2017,1013462,1969,USA
ANTM,Anthem,reports,Health Care,Managed Health Care,"Indianapolis, Indiana",25/07/2002,1156039,1946,USA
AON,Aon plc,reports,Financials,Insurance Brokers,"London, United Kingdom",23/04/1996,315293,1919,United Kingdom
AOS,A.O. Smith Corp,reports,Industrials,Building Products,"Milwaukee, Wisconsin",26/07/2017,91142,1916,USA
APA,APA Corporation,reports,Energy,Oil & Gas Exploration & Production,"Houston, Texas",28/07/1997,6769,1954,USA
AAPL,Apple Inc.,reports,Information Technology,"Technology Hardware, Storage & Peripherals","Cupertino, California",30/11/1982,320193,1977,USA
AMAT,Applied Materials Inc.,reports,Information Technology,Semiconductor Equipment,"Santa Clara, California",16/03/1995,6951,1967,USA
APTV,Aptiv PLC,reports,Consumer Discretionary,Auto Parts & Equipment,"Dublin, Ireland",24/12/2012,1521332,1994,Ireland
ADM,Archer-Daniels-Midland Co,reports,Consumer Staples,Agricultural Products,"Chicago, Illinois",29/07/1981,7084,1902,USA
ANET,Arista Networks,reports,Information Technology,Communications Equipment,"Santa Clara, California",28/08/2018,1596532,2004,USA
AJG,Arthur J. Gallagher & Co.,reports,Financials,Insurance Brokers,"Rolling Meadows, Illinois",31/05/2016,354190,1927,USA
AIZ,Assurant,reports,Financials,Multi-line Insurance,"New York, New York",10/04/2007,1267238,1892,USA
T,AT&T Inc.,reports,Communication Services,Integrated Telecommunication Services,"Dallas, Texas",1983-11-30 (1957-03-04),732717,1885,USA
ATO,Atmos Energy,reports,Utilities,Gas Utilities,"Dallas, Texas",15/02/2019,731802,1906,USA
ADSK,Autodesk Inc.,reports,Information Technology,Application Software,"San Rafael, California",01/12/1989,769397,1982,USA
ADP,Automatic Data Processing,reports,Information Technology,Data Processing & Outsourced Services,"Roseland, New Jersey",31/03/1981,8670,1949,USA
AZO,AutoZone Inc,reports,Consumer Discretionary,Specialty Stores,"Memphis, Tennessee",02/01/1997,866787,1979,USA
AVB,AvalonBay Communities,reports,Real Estate,Residential REITs,"Arlington, Virginia[3]",10/01/2007,915912,1978,USA
AVY,Avery Dennison Corp,reports,Materials,Paper Packaging,"Glendale, California",31/12/1987,8818,1990,USA
BKR,Baker Hughes Co,reports,Energy,Oil & Gas Equipment & Services,"Houston, Texas",07/07/2017,1701605,2017,USA
BLL,Ball Corp,reports,Materials,Metal & Glass Containers,"Broomfield, Colorado",31/10/1984,9389,1880,USA
BAC,Bank of America Corp,reports,Financials,Diversified Banks,"Charlotte, North Carolina",30/06/1976,70858,1923,USA
BK,The Bank of New York Mellon,reports,Financials,Asset Management & Custody Banks,"New York, New York",31/03/1995,1390777,1784,USA
BAX,Baxter International Inc.,reports,Health Care,Health Care Equipment,"Deerfield, Illinois",30/09/1972,10456,1931,USA
BDX,Becton Dickinson,reports,Health Care,Health Care Equipment,"Franklin Lakes, New Jersey",30/09/1972,10795,1897,USA
BRK.B,Berkshire Hathaway,reports,Financials,Multi-Sector Holdings,"Omaha, Nebraska",16/02/2010,1067983,1839,USA
BBY,Best Buy Co. Inc.,reports,Consumer Discretionary,Computer & Electronics Retail,"Richfield, Minnesota",29/06/1999,764478,1966,USA
BIO,Bio-Rad Laboratories,reports,Health Care,Life Sciences Tools & Services,"Hercules, California",22/06/2020,12208,1952,USA
BIIB,Biogen Inc.,reports,Health Care,Biotechnology,"Cambridge, Massachusetts",13/11/2003,875045,1978,USA
BLK,BlackRock,reports,Financials,Asset Management & Custody Banks,"New York, New York",04/04/2011,1364742,1988,USA
BA,Boeing Company,reports,Industrials,Aerospace & Defense,"Chicago, Illinois",04/03/1957,12927,1916,USA
BKNG,Booking Holdings Inc,reports,Consumer Discretionary,Internet & Direct Marketing Retail,"Norwalk, Connecticut",06/11/2009,1075531,1996,USA
BWA,BorgWarner,reports,Consumer Discretionary,Auto Parts & Equipment,"Auburn Hills, Michigan",19/12/2011,908255,1880,USA
BXP,Boston Properties,reports,Real Estate,Office REITs,"Boston, Massachusetts",03/04/2006,1037540,1970,USA
BSX,Boston Scientific,reports,Health Care,Health Care Equipment,"Marlborough, Massachusetts[4]",24/02/1995,885725,1979,USA
BMY,Bristol-Myers Squibb,reports,Health Care,Health Care Distributors,"New York, New York",04/03/1957,14272,1989,USA
AVGO,Broadcom Inc.,reports,Information Technology,Semiconductors,"San Jose, California",08/05/2014,1730168,1961,USA
BR,Broadridge Financial Solutions,reports,Information Technology,Data Processing & Outsourced Services,"Lake Success, New York",18/06/2018,1383312,1962,USA
BF.B,Brown-Forman Corp.,reports,Consumer Staples,Distillers & Vintners,"Louisville, Kentucky",31/10/1982,14693,1870,USA
CHRW,C. H. Robinson Worldwide,reports,Industrials,Air Freight & Logistics,"Eden Prairie, Minnesota",02/03/2007,1043277,1905,USA
COG,Cabot Oil & Gas,reports,Energy,Oil & Gas Exploration & Production,"Houston, Texas",23/06/2008,858470,1989,USA
CDNS,Cadence Design Systems,reports,Information Technology,Application Software,"San Jose, California",18/09/2017,813672,1988,USA
CZR,Caesars Entertainment,reports,Consumer Discretionary,Casinos & Gaming,"Reno, Nevada",22/03/2021,1590895,1973,USA
CPB,Campbell Soup,reports,Consumer Staples,Packaged Foods & Meats,"Camden, New Jersey",04/03/1957,16732,1869,USA
COF,Capital One Financial,reports,Financials,Consumer Finance,"Tysons Corner, Virginia",01/07/1998,927628,1994,USA
CAH,Cardinal Health Inc.,reports,Health Care,Health Care Distributors,"Dublin, Ohio",27/05/1997,721371,1971,USA
KMX,Carmax Inc,reports,Consumer Discretionary,Specialty Stores,"Richmond, Virginia",28/06/2010,1170010,1993,USA
CCL,Carnival Corp.,reports,Consumer Discretionary,"Hotels, Resorts & Cruise Lines","Miami, Florida",22/12/1998,815097,1972,USA
CARR,Carrier Global,reports,Industrials,Building Products,"Palm Beach Gardens, Florida",03/04/2020,1783180,1915,USA
CTLT,Catalent,reports,Health Care,Pharmaceuticals,"Somerset, New Jersey",21/09/2020,1596783,2007,USA
CAT,Caterpillar Inc.,reports,Industrials,Construction Machinery & Heavy Trucks,"Deerfield, Illinois",04/03/1957,18230,1925,USA
CBOE,Cboe Global Markets,reports,Financials,Financial Exchanges & Data,"Chicago, Illinois",01/03/2017,1374310,1973,USA
CBRE,CBRE Group,reports,Real Estate,Real Estate Services,"Dallas, Texas",10/11/2006,1138118,1906,USA
CDW,CDW,reports,Information Technology,Technology Distributors,"Lincolnshire, Illinois",23/09/2019,1402057,1984,USA
CE,Celanese,reports,Materials,Specialty Chemicals,"Irving, Texas",24/12/2018,1306830,1918,USA
CNC,Centene Corporation,reports,Health Care,Managed Health Care,"St. Louis, Missouri",30/03/2016,1071739,1984,USA
CNP,CenterPoint Energy,reports,Utilities,Multi-Utilities,"Houston, Texas",31/07/1985,1130310,1882,USA
CERN,Cerner,reports,Health Care,Health Care Technology,"North Kansas City, Missouri",30/04/2010,804753,1979,USA
CF,CF Industries Holdings Inc,reports,Materials,Fertilizers & Agricultural Chemicals,"Deerfield, Illinois",27/08/2008,1324404,1946,USA
SCHW,Charles Schwab Corporation,reports,Financials,Investment Banking & Brokerage,"Westlake, Texas",02/06/1997,316709,1971,USA
CHTR,Charter Communications,reports,Communication Services,Cable & Satellite,"Stamford, Connecticut",08/09/2016,1091667,1993,USA
CVX,Chevron Corp.,reports,Energy,Integrated Oil & Gas,"San Ramon, California",04/03/1957,93410,1879,USA
CMG,Chipotle Mexican Grill,reports,Consumer Discretionary,Restaurants,"Newport Beach, California",28/04/2011,1058090,1993,USA
CB,Chubb Limited,reports,Financials,Property & Casualty Insurance,"Zurich, Switzerland",15/07/2010,896159,1985,Switzerland
CHD,Church & Dwight,reports,Consumer Staples,Household Products,"Ewing, New Jersey",29/12/2015,313927,1847,USA
CI,Cigna,reports,Health Care,Managed Health Care,"Bloomfield, Connecticut",30/06/1976,1739940,1982,USA
CINF,Cincinnati Financial,reports,Financials,Property & Casualty Insurance,"Fairfield, Ohio",18/12/1997,20286,1950,USA
CTAS,Cintas Corporation,reports,Industrials,Diversified Support Services,"Mason, Ohio",01/03/2001,723254,1929,USA
CSCO,Cisco Systems,reports,Information Technology,Communications Equipment,"San Jose, California",01/12/1993,858877,1984,USA
C,Citigroup Inc.,reports,Financials,Diversified Banks,"New York, New York",31/05/1988,831001,1998,USA
CFG,Citizens Financial Group,reports,Financials,Regional Banks,"Providence, Rhode Island",29/01/2016,759944,1828,USA
CTXS,Citrix Systems,reports,Information Technology,Application Software,"Fort Lauderdale, Florida",01/12/1999,877890,1989,USA
CLX,The Clorox Company,reports,Consumer Staples,Household Products,"Oakland, California",31/03/1969,21076,1913,USA
CME,CME Group Inc.,reports,Financials,Financial Exchanges & Data,"Chicago, Illinois",11/08/2006,1156375,1848,USA
CMS,CMS Energy,reports,Utilities,Multi-Utilities,"Jackson, Michigan",03/05/1999,811156,1886,USA
KO,Coca-Cola Company,reports,Consumer Staples,Soft Drinks,"Atlanta, Georgia",04/03/1957,21344,1886,USA
CTSH,Cognizant Technology Solutions,reports,Information Technology,IT Consulting & Other Services,"Teaneck, New Jersey",17/11/2006,1058290,1994,USA
CL,Colgate-Palmolive,reports,Consumer Staples,Household Products,"New York, New York",04/03/1957,21665,1806,USA
CMCSA,Comcast Corp.,reports,Communication Services,Cable & Satellite,"Philadelphia, Pennsylvania",19/11/2002,1166691,1963,USA
CMA,Comerica Inc.,reports,Financials,Diversified Banks,"Dallas, Texas",01/12/1995,28412,1849,USA
CAG,Conagra Brands,reports,Consumer Staples,Packaged Foods & Meats,"Chicago, Illinois",31/08/1983,23217,1919,USA
COP,ConocoPhillips,reports,Energy,Oil & Gas Exploration & Production,"Houston, Texas",04/03/1957,1163165,2002,USA
ED,Consolidated Edison,reports,Utilities,Electric Utilities,"New York, New York",,1047862,1823,USA
STZ,Constellation Brands,reports,Consumer Staples,Distillers & Vintners,"Victor, New York",01/07/2005,16918,1945,USA
COO,The Cooper Companies,reports,Health Care,Health Care Supplies,"San Ramon, California",23/09/2016,711404,1958,USA
CPRT,Copart Inc,reports,Industrials,Diversified Support Services,"Dallas, Texas",02/07/2018,900075,1982,USA
GLW,Corning Inc.,reports,Information Technology,Electronic Components,"Corning, New York",,24741,1851,USA
CTVA,Corteva,reports,Materials,Fertilizers & Agricultural Chemicals,"Wilmington, Delaware",03/06/2019,1755672,2019,USA
COST,Costco Wholesale Corp.,reports,Consumer Staples,Hypermarkets & Super Centers,"Issaquah, Washington",01/10/1993,909832,1976,USA
CCI,Crown Castle,reports,Real Estate,Specialized REITs,"Houston, Texas",14/03/2012,1051470,1994,USA
CSX,CSX Corp.,reports,Industrials,Railroads,"Jacksonville, Florida",30/09/1967,277948,1980,USA
CMI,Cummins Inc.,reports,Industrials,Industrial Machinery,"Columbus, Indiana",31/03/1965,26172,1919,USA
CVS,CVS Health,reports,Health Care,Health Care Services,"Woonsocket, Rhode Island",04/03/1957,64803,1996,USA
DHI,D. R. Horton,reports,Consumer Discretionary,Homebuilding,"Arlington, Texas",22/06/2005,882184,1978,USA
DHR,Danaher Corp.,reports,Health Care,Health Care Equipment,"Washington, D.C.",,313616,1969,USA
DRI,Darden Restaurants,reports,Consumer Discretionary,Restaurants,"Orlando, Florida",,940944,1938,USA
DVA,DaVita Inc.,reports,Health Care,Health Care Facilities,"Denver, Colorado",31/07/2008,927066,1979,USA
DE,Deere & Co.,reports,Industrials,Agricultural & Farm Machinery,"Moline, Illinois",04/03/1957,315189,1837,USA
DAL,Delta Air Lines Inc.,reports,Industrials,Airlines,"Atlanta, Georgia",11/09/2013,27904,1929,USA
XRAY,Dentsply Sirona,reports,Health Care,Health Care Supplies,"Charlotte, North Carolina",14/11/2008,818479,1969,USA
DVN,Devon Energy,reports,Energy,Oil & Gas Exploration & Production,"Oklahoma City, Oklahoma",30/08/2000,1090012,1971,USA
DXCM,DexCom,reports,Health Care,Health Care Equipment,"San Diego, California",12/05/2020,1093557,1999,USA
FANG,Diamondback Energy,reports,Energy,Oil & Gas Exploration & Production,"Midland, Texas",03/12/2018,1539838,2007,USA
DLR,Digital Realty Trust Inc,reports,Real Estate,Specialized REITs,"Austin, Texas",18/05/2016,1297996,2004,USA
DFS,Discover Financial Services,reports,Financials,Consumer Finance,"Riverwoods, Illinois",02/07/2007,1393612,1985,USA
DISCA,"Discovery, Inc. (Series A)",reports,Communication Services,Broadcasting,"New York, New York",01/03/2010,1437107,1985,USA
DISCK,"Discovery, Inc. (Series C)",reports,Communication Services,Broadcasting,"New York, New York",07/08/2014,1437107,1985,USA
DISH,Dish Network,reports,Communication Services,Cable & Satellite,"Meridian, Colorado",13/03/2017,1001082,1980,USA
DG,Dollar General,reports,Consumer Discretionary,General Merchandise Stores,"Goodlettsville, Tennessee",03/12/2012,29534,1939,USA
DLTR,Dollar Tree,reports,Consumer Discretionary,General Merchandise Stores,"Chesapeake, Virginia",19/12/2011,935703,1986,USA
D,Dominion Energy,reports,Utilities,Electric Utilities,"Richmond, Virginia",,715957,1983,USA
DPZ,Domino's Pizza,reports,Consumer Discretionary,Restaurants,"Ann Arbor, Michigan",12/05/2020,1286681,1960,USA
DOV,Dover Corporation,reports,Industrials,Industrial Machinery,"Downers Grove, Illinois",31/10/1985,29905,1955,USA
DOW,Dow Inc.,reports,Materials,Commodity Chemicals,"Midland, Michigan",01/04/2019,1751788,2019,USA
DTE,DTE Energy Co.,reports,Utilities,Multi-Utilities,"Detroit, Michigan",04/03/1957,936340,1995,USA
DUK,Duke Energy,reports,Utilities,Electric Utilities,"Charlotte, North Carolina",30/06/1976,1326160,1904,USA
DRE,Duke Realty Corp,reports,Real Estate,Industrial REITs,"Indianapolis, Indiana",26/07/2017,783280,1972,USA
DD,DuPont de Nemours Inc,reports,Materials,Specialty Chemicals,"Wilmington, Delaware",02/04/2019,1666700,2017,USA
DXC,DXC Technology,reports,Information Technology,IT Consulting & Other Services,"Tysons Corner, Virginia",04/04/2017,1688568,2017,USA
EMN,Eastman Chemical,reports,Materials,Diversified Chemicals,"Kingsport, Tennessee",01/01/1994,915389,1920,USA
ETN,Eaton Corporation,reports,Industrials,Electrical Components & Equipment,"Dublin, Ireland",,1551182,1911,Ireland
EBAY,eBay Inc.,reports,Consumer Discretionary,Internet & Direct Marketing Retail,"San Jose, California",22/07/2002,1065088,1995,USA
ECL,Ecolab Inc.,reports,Materials,Specialty Chemicals,"St. Paul, Minnesota",31/01/1989,31462,1923,USA
EIX,Edison Int'l,reports,Utilities,Electric Utilities,"Rosemead, California",04/03/1957,827052,1886,USA
EW,Edwards Lifesciences,reports,Health Care,Health Care Equipment,"Irvine, California",01/04/2011,1099800,1958,USA
EA,Electronic Arts,reports,Communication Services,Interactive Home Entertainment,"Redwood City, California",22/07/2002,712515,1982,USA
EMR,Emerson Electric Company,reports,Industrials,Electrical Components & Equipment,"Ferguson, Missouri",31/03/1965,32604,1890,USA
ENPH,Enphase Energy,reports,Information Technology,Electronic Components,"Fremont, California",07/01/2021,1463101,2006,USA
ETR,Entergy Corp.,reports,Utilities,Electric Utilities,"New Orleans, Louisiana",04/03/1957,65984,1913,USA
EOG,EOG Resources,reports,Energy,Oil & Gas Exploration & Production,"Houston, Texas",02/11/2000,821189,1999,USA
EFX,Equifax Inc.,reports,Industrials,Research & Consulting Services,"Atlanta, Georgia",19/06/1997,33185,1899,USA
EQIX,Equinix,reports,Real Estate,Specialized REITs,"Redwood City, California",20/03/2015,1101239,1998,USA
EQR,Equity Residential,reports,Real Estate,Residential REITs,"Chicago, Illinois",03/12/2001,906107,1969,USA
ESS,"Essex Property Trust, Inc.",reports,Real Estate,Residential REITs,"San Mateo, California",02/04/2014,920522,1971,USA
EL,Estée Lauder Companies,reports,Consumer Staples,Personal Products,"New York, New York",05/01/2006,1001250,1946,USA
ETSY,Etsy,reports,Consumer Discretionary,Internet & Direct Marketing Retail,"Brooklyn, New York",21/09/2020,1370637,2005,USA
EVRG,Evergy,reports,Utilities,Electric Utilities,"Kansas City, Missouri",05/06/2018,1711269,1909,USA
ES,Eversource Energy,reports,Utilities,Multi-Utilities,"Hartford, Connecticut",,72741,1966,USA
RE,Everest Re Group Ltd.,reports,Financials,Reinsurance,"Hamilton, Bermuda",19/06/2017,1095073,1973,Bermuda
EXC,Exelon Corp.,reports,Utilities,Multi-Utilities,"Chicago, Illinois",04/03/1957,1109357,2000,USA
EXPE,Expedia Group,reports,Consumer Discretionary,Internet & Direct Marketing Retail,"Seattle, Washington",02/10/2007,1324424,1996,USA
EXPD,Expeditors,reports,Industrials,Air Freight & Logistics,"Seattle, Washington",10/10/2007,746515,1979,USA
EXR,Extra Space Storage,reports,Real Estate,Specialized REITs,"Salt Lake City, Utah",19/01/2016,1289490,1977,USA
XOM,Exxon Mobil Corp.,reports,Energy,Integrated Oil & Gas,"Irving, Texas",04/03/1957,34088,1999,USA
FFIV,F5 Networks,reports,Information Technology,Communications Equipment,"Seattle, Washington",20/12/2010,1048695,1996,USA
FB,"Facebook, Inc.",reports,Communication Services,Interactive Media & Services,"Menlo Park, California",23/12/2013,1326801,2004,USA
FAST,Fastenal Co,reports,Industrials,Building Products,"Winona, Minnesota",15/09/2008,815556,1967,USA
FRT,Federal Realty Investment Trust,reports,Real Estate,Retail REITs,"Rockville, Maryland",01/02/2016,34903,1962,USA
FDX,FedEx Corporation,reports,Industrials,Air Freight & Logistics,"Memphis, Tennessee",31/12/1980,1048911,1971,USA
FIS,Fidelity National Information Services,reports,Information Technology,Data Processing & Outsourced Services,"Jacksonville, Florida",10/11/2006,1136893,1968,USA
FITB,Fifth Third Bancorp,reports,Financials,Regional Banks,"Cincinnati, Ohio",,35527,1858,USA
FE,FirstEnergy Corp,reports,Utilities,Electric Utilities,"Akron, Ohio",,1031296,1997,USA
FRC,First Republic Bank,reports,Financials,Regional Banks,"San Francisco, California",02/01/2019,1132979,1985,USA
FISV,Fiserv Inc,reports,Information Technology,Data Processing & Outsourced Services,"Brookfield, Wisconsin",02/04/2001,798354,1984,USA
FLT,FleetCor Technologies Inc,reports,Information Technology,Data Processing & Outsourced Services,"Norcross, Georgia",20/06/2018,1175454,2000,USA
FLIR,FLIR Systems,reports,Information Technology,Electronic Equipment & Instruments,"Wilsonville, Oregon",02/01/2009,354908,1978,USA
FMC,FMC Corporation,reports,Materials,Fertilizers & Agricultural Chemicals,"Philadelphia, Pennsylvania",19/08/2009,37785,1883,USA
F,Ford Motor Company,reports,Consumer Discretionary,Automobile Manufacturers,"Dearborn, Michigan",04/03/1957,37996,1903,USA
FTNT,Fortinet,reports,Information Technology,Systems Software,"Sunnyvale, California",11/10/2018,1262039,2000,USA
FTV,Fortive Corp,reports,Industrials,Industrial Machinery,"Everett, Washington",01/07/2016,1659166,2016,USA
FBHS,Fortune Brands Home & Security,reports,Industrials,Building Products,"Deerfield, Illinois",22/06/2016,1519751,1969,USA
FOXA,Fox Corporation (Class A),reports,Communication Services,Movies & Entertainment,"New York, New York",01/07/2013,1754301,1986,USA
FOX,Fox Corporation (Class B),reports,Communication Services,Movies & Entertainment,"New York, New York",18/09/2015,1754301,1986,USA
BEN,Franklin Resources,reports,Financials,Asset Management & Custody Banks,"San Mateo, California",,38777,1947,USA
FCX,Freeport-McMoRan Inc.,reports,Materials,Copper,"Phoenix, Arizona",,831259,1912,USA
GPS,Gap Inc.,reports,Consumer Discretionary,Apparel Retail,"San Francisco, California",31/08/1986,39911,1969,USA
GRMN,Garmin Ltd.,reports,Consumer Discretionary,Consumer Electronics,"Schaffhausen, Switzerland",12/12/2012,1121788,1989,Switzerland
IT,Gartner Inc,reports,Information Technology,IT Consulting & Other Services,"Stamford, Connecticut",05/04/2017,749251,1979,USA
GNRC,Generac Holdings,reports,Industrials,Electrical Components & Equipment,"Waukesha, Wisconsin",22/03/2021,1474735,1959,USA
GD,General Dynamics,reports,Industrials,Aerospace & Defense,"Falls Church, Virginia",04/03/1957,40533,1899,USA
GE,General Electric,reports,Industrials,Industrial Conglomerates,"Boston, Massachusetts",,40545,1892,USA
GIS,General Mills,reports,Consumer Staples,Packaged Foods & Meats,"Golden Valley, Minnesota",31/03/1969,40704,1856,USA
GM,General Motors,reports,Consumer Discretionary,Automobile Manufacturers,"Detroit, Michigan",06/06/2013,1467858,1908,USA
GPC,Genuine Parts,reports,Consumer Discretionary,Specialty Stores,"Atlanta, Georgia",31/12/1973,40987,1925,USA
GILD,Gilead Sciences,reports,Health Care,Biotechnology,"Foster City, California",01/07/2004,882095,1987,USA
GL,Globe Life Inc.,reports,Financials,Life & Health Insurance,"McKinney, Texas",30/04/1989,320335,1900,USA
GPN,Global Payments Inc.,reports,Information Technology,Data Processing & Outsourced Services,"Atlanta, Georgia",25/04/2016,1123360,2000,USA
GS,Goldman Sachs Group,reports,Financials,Investment Banking & Brokerage,"New York, New York",22/07/2002,886982,1869,USA
GWW,Grainger (W.W.) Inc.,reports,Industrials,Industrial Machinery,"Lake Forest, Illinois",30/06/1981,277135,1927,USA
HAL,Halliburton Co.,reports,Energy,Oil & Gas Equipment & Services,"Houston, Texas",04/03/1957,45012,1919,USA
HBI,Hanesbrands Inc,reports,Consumer Discretionary,"Apparel, Accessories & Luxury Goods","Winston-Salem, North Carolina",20/03/2015,1359841,2000,USA
HIG,Hartford Financial Svc.Gp.,reports,Financials,Property & Casualty Insurance,"Hartford, Connecticut",04/03/1957,874766,1810,USA
HAS,Hasbro Inc.,reports,Consumer Discretionary,Leisure Products,"Pawtucket, Rhode Island",30/09/1984,46080,1923,USA
HCA,HCA Healthcare,reports,Health Care,Health Care Facilities,"Nashville, Tennessee",27/01/2015,860730,1968,USA
PEAK,Healthpeak Properties,reports,Real Estate,Health Care REITs,"Long Beach, California",31/03/2008,765880,1985,USA
HSIC,Henry Schein,reports,Health Care,Health Care Distributors,"Melville, New York",17/03/2015,1000228,1932,USA
HSY,The Hershey Company,reports,Consumer Staples,Packaged Foods & Meats,"Hershey, Pennsylvania",04/03/1957,47111,1894,USA
HES,Hess Corporation,reports,Energy,Integrated Oil & Gas,"New York, New York",31/05/1984,4447,1919,USA
HPE,Hewlett Packard Enterprise,reports,Information Technology,"Technology Hardware, Storage & Peripherals","Houston, Texas",02/11/2015,1645590,2015,USA
HLT,Hilton Worldwide Holdings Inc,reports,Consumer Discretionary,"Hotels, Resorts & Cruise Lines","Tysons Corner, Virginia",19/06/2017,1585689,1919,USA
HFC,HollyFrontier Corp,reports,Energy,Oil & Gas Refining & Marketing,"Dallas, Texas",18/06/2018,48039,1947,USA
HOLX,Hologic,reports,Health Care,Health Care Equipment,"Marlborough, Massachusetts",30/03/2016,859737,1985,USA
HD,Home Depot,reports,Consumer Discretionary,Home Improvement Retail,"Atlanta, Georgia",31/03/1988,354950,1978,USA
HON,Honeywell Int'l Inc.,reports,Industrials,Industrial Conglomerates,"Charlotte, North Carolina",31/03/1964,773840,1906,USA
HRL,Hormel Foods Corp.,reports,Consumer Staples,Packaged Foods & Meats,"Austin, Minnesota",04/03/2009,48465,1891,USA
HST,Host Hotels & Resorts,reports,Real Estate,Hotel & Resort REITs,"Bethesda, Maryland",20/03/2007,1070750,1993,USA
HWM,Howmet Aerospace,reports,Industrials,Aerospace & Defense,"Pittsburgh, Pennsylvania",31/03/1964,4281,2016,USA
HPQ,HP Inc.,reports,Information Technology,"Technology Hardware, Storage & Peripherals","Palo Alto, California",31/12/1974,47217,1939,USA
HUM,Humana Inc.,reports,Health Care,Managed Health Care,"Louisville, Kentucky",,49071,1961,USA
HBAN,Huntington Bancshares,reports,Financials,Regional Banks,"Columbus, Ohio",,49196,1866,USA
HII,Huntington Ingalls Industries,reports,Industrials,Aerospace & Defense,"Newport News, Virginia",03/01/2018,1501585,2011,USA
IEX,IDEX Corporation,reports,Industrials,Industrial Machinery,"Lake Forest, Illinois",09/08/2019,832101,1988,USA
IDXX,Idexx Laboratories,reports,Health Care,Health Care Equipment,"Westbrook, Maine",05/01/2017,874716,1983,USA
INFO,IHS Markit,reports,Industrials,Research & Consulting Services,"London, United Kingdom",02/06/2017,1598014,1959,United Kingdom
ITW,Illinois Tool Works,reports,Industrials,Industrial Machinery,"Glenview, Illinois",28/02/1986,49826,1912,USA
ILMN,Illumina Inc,reports,Health Care,Life Sciences Tools & Services,"San Diego, California",19/11/2015,1110803,1998,USA
INCY,Incyte,reports,Health Care,Biotechnology,"Wilmington, Delaware",28/02/2017,879169,1991,USA
IR,Ingersoll Rand,reports,Industrials,Industrial Machinery,"Milwaukee, Wisconsin",03/03/2020,1699150,1859,USA
INTC,Intel Corp.,reports,Information Technology,Semiconductors,"Santa Clara, California",31/12/1976,50863,1968,USA
ICE,Intercontinental Exchange,reports,Financials,Financial Exchanges & Data,"Atlanta, Georgia",26/09/2007,1571949,2000,USA
IBM,International Business Machines,reports,Information Technology,IT Consulting & Other Services,"Armonk, New York",04/03/1957,51143,1911,USA
IP,International Paper,reports,Materials,Paper Packaging,"Memphis, Tennessee",04/03/1957,51434,1898,USA
IPG,Interpublic Group,reports,Communication Services,Advertising,"New York, New York",01/10/1992,51644,1930,USA
IFF,International Flavors & Fragrances,reports,Materials,Specialty Chemicals,"New York, New York",31/03/1976,51253,1889,USA
INTU,Intuit Inc.,reports,Information Technology,Application Software,"Mountain View, California",05/12/2000,896878,1983,USA
ISRG,Intuitive Surgical Inc.,reports,Health Care,Health Care Equipment,"Sunnyvale, California",02/06/2008,1035267,1995,USA
IVZ,Invesco Ltd.,reports,Financials,Asset Management & Custody Banks,"Atlanta, Georgia",21/08/2008,914208,1935,USA
IPGP,IPG Photonics Corp.,reports,Information Technology,Electronic Manufacturing Services,"Oxford, Massachusetts",07/03/2018,1111928,1990,USA
IQV,IQVIA Holdings Inc.,reports,Health Care,Life Sciences Tools & Services,"Durham, North Carolina",29/08/2017,1478242,1982,USA
IRM,Iron Mountain Incorporated,reports,Real Estate,Specialized REITs,"Boston, Massachusetts",06/01/2009,1020569,1951,USA
JKHY,Jack Henry & Associates,reports,Information Technology,Data Processing & Outsourced Services,"Monett, Missouri",13/11/2018,779152,1976,USA
J,Jacobs Engineering Group,reports,Industrials,Construction & Engineering,"Dallas, Texas",26/10/2007,52988,1947,USA
JBHT,J. B. Hunt Transport Services,reports,Industrials,Trucking,"Lowell, Arkansas",01/07/2015,728535,1961,USA
SJM,JM Smucker,reports,Consumer Staples,Packaged Foods & Meats,"Orrville, Ohio",06/11/2008,91419,1897,USA
JNJ,Johnson & Johnson,reports,Health Care,Pharmaceuticals,"New Brunswick, New Jersey",30/06/1973,200406,1886,USA
JCI,Johnson Controls International,reports,Industrials,Building Products,"Cork, Ireland",27/08/2010,833444,1885,Ireland
JPM,JPMorgan Chase & Co.,reports,Financials,Diversified Banks,"New York, New York",30/06/1975,19617,1871,USA
JNPR,Juniper Networks,reports,Information Technology,Communications Equipment,"Sunnyvale, California",02/06/2006,1043604,1996,USA
KSU,Kansas City Southern,reports,Industrials,Railroads,"Kansas City, Missouri",24/05/2013,54480,1887,USA
K,Kellogg Co.,reports,Consumer Staples,Packaged Foods & Meats,"Battle Creek, Michigan",,55067,1906,USA
KEY,KeyCorp,reports,Financials,Regional Banks,"Cleveland, Ohio",01/03/1994,91576,1825,USA
KEYS,Keysight Technologies,reports,Information Technology,Electronic Equipment & Instruments,"Santa Rosa, California",06/11/2018,1601046,2014,USA
KMB,Kimberly-Clark,reports,Consumer Staples,Household Products,"Irving, Texas",04/03/1957,55785,1872,USA
KIM,Kimco Realty,reports,Real Estate,Retail REITs,"New Hyde Park, New York",04/04/2006,879101,1958,USA
KMI,Kinder Morgan,reports,Energy,Oil & Gas Storage & Transportation,"Houston, Texas",25/05/2012,1506307,1997,USA
KLAC,KLA Corporation,reports,Information Technology,Semiconductor Equipment,"Milpitas, California",,319201,1975,USA
KHC,Kraft Heinz Co,reports,Consumer Staples,Packaged Foods & Meats,"Chicago, Illinois; Pittsburgh, Pennsylvania",06/07/2015,1637459,1869,USA
KR,Kroger Co.,reports,Consumer Staples,Food Retail,"Cincinnati, Ohio",04/03/1957,56873,1883,USA
LB,L Brands Inc.,reports,Consumer Discretionary,Apparel Retail,"Columbus, Ohio",30/09/1983,701985,1963,USA
LHX,L3Harris Technologies,reports,Industrials,Aerospace & Defense,"Melbourne, Florida",22/09/2008,202058,1895,USA
LH,Laboratory Corp. of America Holding,reports,Health Care,Health Care Services,"Burlington, North Carolina",01/11/2004,920148,1978,USA
LRCX,Lam Research,reports,Information Technology,Semiconductor Equipment,"Fremont, California",29/06/2012,707549,1980,USA
LW,Lamb Weston Holdings Inc,reports,Consumer Staples,Packaged Foods & Meats,"Eagle, Idaho",03/12/2018,1679273,1950,USA
LVS,Las Vegas Sands,reports,Consumer Discretionary,Casinos & Gaming,"Las Vegas, Nevada",03/10/2019,1300514,1988,USA
LEG,Leggett & Platt,reports,Consumer Discretionary,Home Furnishings,"Carthage, Missouri",,58492,1883,USA
LDOS,Leidos Holdings,reports,Industrials,Diversified Support Services,"Reston, Virginia",09/08/2019,1336920,1969,USA
LEN,Lennar Corp.,reports,Consumer Discretionary,Homebuilding,"Miami, Florida",04/10/2005,920760,1954,USA
LLY,Lilly (Eli) & Co.,reports,Health Care,Pharmaceuticals,"Indianapolis, Indiana",31/12/1970,59478,1876,USA
LNC,Lincoln National,reports,Financials,Multi-line Insurance,"Radnor, Pennsylvania",30/06/1976,59558,1905,USA
LIN,Linde plc,reports,Materials,Industrial Gases,"Guildford, Surrey, United Kingdom",01/07/1992,1707925,1879,United Kingdom
LYV,Live Nation Entertainment,reports,Communication Services,Movies & Entertainment,"Beverly Hills, California",23/12/2019,1335258,2010,USA
LKQ,LKQ Corporation,reports,Consumer Discretionary,Distributors,"Chicago, Illinois",23/05/2016,1065696,1998,USA
LMT,Lockheed Martin Corp.,reports,Industrials,Aerospace & Defense,"Bethesda, Maryland",31/07/1984,936468,1995,USA
L,Loews Corp.,reports,Financials,Multi-line Insurance,"New York, New York",,60086,1959,USA
LOW,Lowe's Cos.,reports,Consumer Discretionary,Home Improvement Retail,"Mooresville, North Carolina",29/02/1984,60667,1904,USA
LUMN,Lumen Technologies,reports,Communication Services,Alternative Carriers,"Monroe, Louisiana",25/03/1999,18926,1877,USA
LYB,LyondellBasell,reports,Materials,Specialty Chemicals,"Rotterdam, Netherlands",05/09/2012,1489393,2007,Netherlands
MTB,M&T Bank,reports,Financials,Regional Banks,"Buffalo, New York",23/02/2004,36270,1856,USA
MRO,Marathon Oil Corp.,reports,Energy,Oil & Gas Exploration & Production,"Houston, Texas",01/05/1991,101778,1887,USA
MPC,Marathon Petroleum,reports,Energy,Oil & Gas Refining & Marketing,"Findlay, Ohio",01/07/2011,1510295,1887,USA
MKTX,MarketAxess,reports,Financials,Financial Exchanges & Data,"New York, New York",01/07/2019,1278021,2000,USA
MAR,Marriott International,reports,Consumer Discretionary,"Hotels, Resorts & Cruise Lines","Bethesda, Maryland",,1048286,1927,USA
MMC,Marsh & McLennan,reports,Financials,Insurance Brokers,"New York, New York",31/08/1987,62709,1905,USA
MLM,Martin Marietta Materials,reports,Materials,Construction Materials,"Raleigh, North Carolina",02/07/2014,916076,1993,USA
MAS,Masco Corp.,reports,Industrials,Building Products,"Livonia, Michigan",30/06/1981,62996,1929,USA
MA,Mastercard Inc.,reports,Information Technology,Data Processing & Outsourced Services,"Harrison, New York",18/07/2008,1141391,1966,USA
MKC,McCormick & Co.,reports,Consumer Staples,Packaged Foods & Meats,"Hunt Valley, Maryland",,63754,1889,USA
MXIM,Maxim Integrated Products,reports,Information Technology,Semiconductors,"San Jose, California",03/12/2018,743316,1983,USA
MCD,McDonald's Corp.,reports,Consumer Discretionary,Restaurants,"Chicago, Illinois",30/06/1970,63908,1940,USA
MCK,McKesson Corp.,reports,Health Care,Health Care Distributors,"Irving, Texas",,927653,1833,USA
MDT,Medtronic plc,reports,Health Care,Health Care Equipment,"Dublin, Ireland",31/10/1986,1613103,1949,Ireland
MRK,Merck & Co.,reports,Health Care,Pharmaceuticals,"Kenilworth, New Jersey",04/03/1957,310158,1891,USA
MET,MetLife Inc.,reports,Financials,Life & Health Insurance,"New York, New York",,1099219,1868,USA
MTD,Mettler Toledo,reports,Health Care,Life Sciences Tools & Services,"Columbus, Ohio",06/09/2016,1037646,1945,USA
MGM,MGM Resorts International,reports,Consumer Discretionary,Casinos & Gaming,"Paradise, Nevada",26/07/2017,789570,1986,USA
MCHP,Microchip Technology,reports,Information Technology,Semiconductors,"Chandler, Arizona",07/09/2007,827054,1989,USA
MU,Micron Technology,reports,Information Technology,Semiconductors,"Boise, Idaho",27/09/1994,723125,1978,USA
MSFT,Microsoft Corp.,reports,Information Technology,Systems Software,"Redmond, Washington",01/06/1994,789019,1975,USA
MAA,Mid-America Apartments,reports,Real Estate,Residential REITs,"Memphis, Tennessee",02/12/2016,912595,1977,USA
MHK,Mohawk Industries,reports,Consumer Discretionary,Home Furnishings,"Calhoun, Georgia",23/12/2013,851968,1878,USA
TAP,Molson Coors Beverage Company,reports,Consumer Staples,Brewers,"Denver, Colorado",30/06/1976,24545,1873,USA
MDLZ,Mondelez International,reports,Consumer Staples,Packaged Foods & Meats,"Chicago, Illinois",02/10/2012,1103982,2012,USA
MPWR,Monolithic Power Systems,reports,Information Technology,Semiconductors,"Kirkland, Washington",12/02/2021,1280452,1997,USA
MNST,Monster Beverage,reports,Consumer Staples,Soft Drinks,"Corona, California",28/06/2012,865752,1935,USA
MCO,Moody's Corp,reports,Financials,Financial Exchanges & Data,"New York, New York",,1059556,1909,USA
MS,Morgan Stanley,reports,Financials,Investment Banking & Brokerage,"New York, New York",,895421,1935,USA
MOS,The Mosaic Company,reports,Materials,Fertilizers & Agricultural Chemicals,"Tampa, Florida",26/09/2011,1285785,1865,USA
MSI,Motorola Solutions Inc.,reports,Information Technology,Communications Equipment,"Chicago, Illinois",,68505,1928,USA
MSCI,MSCI Inc,reports,Financials,Financial Exchanges & Data,"New York, New York",04/04/2018,1408198,1969,USA
NDAQ,"Nasdaq, Inc.",reports,Financials,Financial Exchanges & Data,"New York, New York",22/10/2008,1120193,1971,USA
NTAP,NetApp,reports,Information Technology,"Technology Hardware, Storage & Peripherals","Sunnyvale, California",25/06/1999,1002047,1992,USA
NFLX,Netflix Inc.,reports,Communication Services,Movies & Entertainment,"Los Gatos, California",20/12/2010,1065280,1997,USA
NWL,Newell Brands,reports,Consumer Discretionary,Housewares & Specialties,"Atlanta, Georgia",30/04/1989,814453,1903,USA
NEM,Newmont Corporation,reports,Materials,Gold,"Denver, Colorado",30/06/1969,1164727,1921,USA
NWSA,News Corp (Class A),reports,Communication Services,Publishing,"New York, New York",01/08/2013,1564708,1980,USA
NWS,News Corp (Class B),reports,Communication Services,Publishing,"New York, New York",18/09/2015,1564708,1980,USA
NEE,NextEra Energy,reports,Utilities,Multi-Utilities,"Juno Beach, Florida",30/06/1976,753308,1925,USA
NLSN,Nielsen Holdings,reports,Industrials,Research & Consulting Services,"New York, New York",09/07/2013,1492633,1923,USA
NKE,"Nike, Inc.",reports,Consumer Discretionary,"Apparel, Accessories & Luxury Goods","Washington County, Oregon",30/11/1988,320187,1964,USA
NI,NiSource Inc.,reports,Utilities,Multi-Utilities,"Merrillville, Indiana",,1111711,1912,USA
NSC,Norfolk Southern Corp.,reports,Industrials,Railroads,"Norfolk, Virginia",04/03/1957,702165,1881,USA
NTRS,Northern Trust Corp.,reports,Financials,Asset Management & Custody Banks,"Chicago, Illinois",,73124,1889,USA
NOC,Northrop Grumman,reports,Industrials,Aerospace & Defense,"West Falls Church, Virginia",30/06/1985,1133421,1930,USA
NLOK,NortonLifeLock,reports,Information Technology,Application Software,"Tempe, Arizona",25/03/2003,849399,1982,USA
NCLH,Norwegian Cruise Line Holdings,reports,Consumer Discretionary,"Hotels, Resorts & Cruise Lines","Miami, Florida",13/10/2017,1513761,1966,USA
NOV,NOV Inc.,reports,Energy,Oil & Gas Equipment & Services,"Houston, Texas",14/03/2005,1021860,1841,USA
NRG,NRG Energy,reports,Utilities,Independent Power Producers & Energy Traders,"Princeton, New Jersey",29/01/2010,1013871,1992,USA
NUE,Nucor Corp.,reports,Materials,Steel,"Charlotte, North Carolina",30/04/1985,73309,1940,USA
NVDA,Nvidia Corporation,reports,Information Technology,Semiconductors,"Santa Clara, California",30/11/2001,1045810,1993,USA
NVR,"NVR, Inc.",reports,Consumer Discretionary,Homebuilding,"Reston, Virginia",26/09/2019,906163,1980,USA
NXPI,NXP Semiconductors,reports,Information Technology,Semiconductors,"Eindhoven, Netherlands",22/03/2021,1413447,1953,Netherlands
ORLY,O'Reilly Automotive,reports,Consumer Discretionary,Specialty Stores,"Springfield, Missouri",27/03/2009,898173,1957,USA
OXY,Occidental Petroleum,reports,Energy,Oil & Gas Exploration & Production,"Houston, Texas",31/12/1982,797468,1920,USA
ODFL,Old Dominion Freight Line,reports,Industrials,Trucking,"Thomasville, North Carolina",09/12/2019,878927,1934,USA
OMC,Omnicom Group,reports,Communication Services,Advertising,"New York, New York",,29989,1986,USA
OKE,Oneok,reports,Energy,Oil & Gas Storage & Transportation,"Tulsa, Oklahoma",15/03/2010,1039684,1906,USA
ORCL,Oracle Corp.,reports,Information Technology,Application Software,"Austin, Texas",31/08/1989,1341439,1977,USA
OTIS,Otis Worldwide,reports,Industrials,Industrial Machinery,"Farmington, Connecticut",03/04/2020,1781335,1853,USA
PCAR,Paccar,reports,Industrials,Construction Machinery & Heavy Trucks,"Bellevue, Washington",31/12/1980,75362,1905,USA
PKG,Packaging Corporation of America,reports,Materials,Paper Packaging,"Lake Forest, Illinois",26/07/2017,75677,1959,USA
PH,Parker-Hannifin,reports,Industrials,Industrial Machinery,"Cleveland, Ohio",30/11/1985,76334,1917,USA
PAYX,Paychex Inc.,reports,Information Technology,Data Processing & Outsourced Services,"Penfield, New York",,723531,1971,USA
PAYC,Paycom,reports,Information Technology,Application Software,"Oklahoma City, Oklahoma",28/01/2020,1590955,1998,USA
PYPL,PayPal,reports,Information Technology,Data Processing & Outsourced Services,"San Jose, California",20/07/2015,1633917,1998,USA
PENN,Penn National Gaming,reports,Consumer Discretionary,Casinos & Gaming,"Wyomissing, Pennsylvania",22/03/2021,921738,1972,USA
PNR,Pentair plc,reports,Industrials,Industrial Machinery,"Worsley, UK",01/10/2012,77360,1966,United Kingdom
PBCT,People's United Financial,reports,Financials,Thrifts & Mortgage Finance,"Bridgeport, Connecticut",13/11/2008,1378946,1842,USA
PEP,PepsiCo Inc.,reports,Consumer Staples,Soft Drinks,"Purchase, New York",04/03/1957,77476,1898,USA
PKI,PerkinElmer,reports,Health Care,Health Care Equipment,"Waltham, Massachusetts",31/05/1985,31791,1937,USA
PRGO,Perrigo,reports,Health Care,Pharmaceuticals,"Dublin, Ireland",19/12/2011,1585364,1887,Ireland
PFE,Pfizer Inc.,reports,Health Care,Pharmaceuticals,"New York, New York",04/03/1957,78003,1849,USA
PM,Philip Morris International,reports,Consumer Staples,Tobacco,"New York, New York",31/03/2008,1413329,1847,USA
PSX,Phillips 66,reports,Energy,Oil & Gas Refining & Marketing,"Houston, Texas",01/05/2012,1534701,1917,USA
PNW,Pinnacle West Capital,reports,Utilities,Multi-Utilities,"Phoenix, Arizona",,764622,1985,USA
PXD,Pioneer Natural Resources,reports,Energy,Oil & Gas Exploration & Production,"Irving, Texas",24/09/2008,1038357,1997,USA
PNC,PNC Financial Services,reports,Financials,Regional Banks,"Pittsburgh, Pennsylvania",30/04/1988,713676,1845,USA
POOL,Pool Corporation,reports,Consumer Discretionary,Distributors,"Covington, Louisiana",07/10/2020,945841,1993,USA
PPG,PPG Industries,reports,Materials,Specialty Chemicals,"Pittsburgh, Pennsylvania",04/03/1957,79879,1883,USA
PPL,PPL Corp.,reports,Utilities,Electric Utilities,"Allentown, Pennsylvania",,922224,1920,USA
PFG,Principal Financial Group,reports,Financials,Life & Health Insurance,"Des Moines, Iowa",22/07/2002,1126328,1879,USA
PG,Procter & Gamble,reports,Consumer Staples,Personal Products,"Cincinnati, Ohio",04/03/1957,80424,1837,USA
PGR,Progressive Corp.,reports,Financials,Property & Casualty Insurance,"Mayfield Village, Ohio",04/08/1997,80661,1937,USA
PLD,Prologis,reports,Real Estate,Industrial REITs,"San Francisco, California",17/07/2003,1045609,1983,USA
PRU,Prudential Financial,reports,Financials,Life & Health Insurance,"Newark, New Jersey",22/07/2002,1137774,1875,USA
PEG,Public Service Enterprise Group (PSEG),reports,Utilities,Electric Utilities,"Newark, New Jersey",04/03/1957,788784,1903,USA
PSA,Public Storage,reports,Real Estate,Specialized REITs,"Glendale, California",19/08/2005,1393311,1972,USA
PHM,PulteGroup,reports,Consumer Discretionary,Homebuilding,"Atlanta, Georgia",30/04/1984,822416,1956,USA
PVH,PVH Corp.,reports,Consumer Discretionary,"Apparel, Accessories & Luxury Goods","New York, New York",15/02/2013,78239,1881,USA
QRVO,Qorvo,reports,Information Technology,Semiconductors,"Greensboro, North Carolina",11/06/2015,1604778,2015,USA
PWR,Quanta Services Inc.,reports,Industrials,Construction & Engineering,"Houston, Texas",01/07/2009,1050915,1997,USA
QCOM,Qualcomm,reports,Information Technology,Semiconductors,"San Diego, California",,804328,1985,USA
DGX,Quest Diagnostics,reports,Health Care,Health Care Services,"Secaucus, New Jersey",12/12/2002,1022079,1967,USA
RL,Ralph Lauren Corporation,reports,Consumer Discretionary,"Apparel, Accessories & Luxury Goods","New York, New York",02/02/2007,1037038,1967,USA
RJF,Raymond James Financial,reports,Financials,Investment Banking & Brokerage,"St. Petersburg, Florida",20/03/2017,720005,1962,USA
RTX,Raytheon Technologies,reports,Industrials,Aerospace & Defense,"Waltham, Massachusetts",,101829,1922,USA
O,Realty Income Corporation,reports,Real Estate,Retail REITs,"San Diego, California",07/04/2015,726728,1969,USA
REG,Regency Centers Corporation,reports,Real Estate,Retail REITs,"Jacksonville, Florida",02/03/2017,910606,1963,USA
REGN,Regeneron Pharmaceuticals,reports,Health Care,Biotechnology,"Tarrytown, New York",01/05/2013,872589,1988,USA
RF,Regions Financial Corp.,reports,Financials,Regional Banks,"Birmingham, Alabama",28/08/1998,1281761,1971,USA
RSG,Republic Services Inc,reports,Industrials,Environmental & Facilities Services,"Phoenix, Arizona",05/12/2008,1060391,1981,USA
RMD,ResMed,reports,Health Care,Health Care Equipment,"San Diego, California",26/07/2017,943819,1989,USA
RHI,Robert Half International,reports,Industrials,Human Resource & Employment Services,"Menlo Park, California",05/12/2000,315213,1948,USA
ROK,Rockwell Automation Inc.,reports,Industrials,Electrical Components & Equipment,"Milwaukee, Wisconsin",,1024478,1903,USA
ROL,"Rollins, Inc.",reports,Industrials,Environmental & Facilities Services,"Atlanta, Georgia",01/10/2018,84839,1948,USA
ROP,Roper Technologies,reports,Industrials,Industrial Conglomerates,"Sarasota, Florida",23/12/2009,882835,1981,USA
ROST,Ross Stores,reports,Consumer Discretionary,Apparel Retail,"Dublin, California",21/12/2009,745732,1982,USA
RCL,Royal Caribbean Group,reports,Consumer Discretionary,"Hotels, Resorts & Cruise Lines","Miami, Florida",05/12/2014,884887,1997,USA
SPGI,S&P Global Inc.,reports,Financials,Financial Exchanges & Data,"New York, New York",,64040,1917,USA
CRM,Salesforce.com,reports,Information Technology,Application Software,"San Francisco, California",15/09/2008,1108524,1999,USA
SBAC,SBA Communications,reports,Real Estate,Specialized REITs,"Boca Raton, Florida",01/09/2017,1034054,1989,USA
SLB,Schlumberger Ltd.,reports,Energy,Oil & Gas Equipment & Services,"Curaçao, Kingdom of the Netherlands",31/03/1965,87347,1926,Netherlands
STX,Seagate Technology,reports,Information Technology,"Technology Hardware, Storage & Peripherals","Dublin, Ireland",02/07/2012,1137789,1979,Ireland
SEE,Sealed Air,reports,Materials,Paper Packaging,"Charlotte, North Carolina",04/03/1957,1012100,1960,USA
SRE,Sempra Energy,reports,Utilities,Multi-Utilities,"San Diego, California",,1032208,1998,USA
NOW,ServiceNow,reports,Information Technology,Systems Software,"Santa Clara, California",21/11/2019,1373715,2003,USA
SHW,Sherwin-Williams,reports,Materials,Specialty Chemicals,"Cleveland, Ohio",30/06/1964,89800,1866,USA
SPG,Simon Property Group Inc,reports,Real Estate,Retail REITs,"Indianapolis, Indiana",26/06/2002,1063761,2003,USA
SWKS,Skyworks Solutions,reports,Information Technology,Semiconductors,"Woburn, Massachusetts",12/03/2015,4127,2002,USA
SNA,Snap-on,reports,Industrials,Industrial Machinery,"Kenosha, Wisconsin",30/09/1982,91440,1920,USA
SO,Southern Company,reports,Utilities,Electric Utilities,"Atlanta, Georgia",04/03/1957,92122,1945,USA
LUV,Southwest Airlines,reports,Industrials,Airlines,"Dallas, Texas",01/07/1994,92380,1967,USA
SWK,Stanley Black & Decker,reports,Industrials,Industrial Machinery,"New Britain, Connecticut",30/09/1982,93556,1843,USA
SBUX,Starbucks Corp.,reports,Consumer Discretionary,Restaurants,"Seattle, Washington",,829224,1971,USA
STT,State Street Corp.,reports,Financials,Asset Management & Custody Banks,"Boston, Massachusetts",,93751,1792,USA
STE,Steris,reports,Health Care,Health Care Equipment,"Dublin, Ireland",23/12/2019,1757898,1985,Ireland
SYK,Stryker Corp.,reports,Health Care,Health Care Equipment,"Kalamazoo, Michigan",12/12/2000,310764,1941,USA
SIVB,SVB Financial,reports,Financials,Regional Banks,"Santa Clara, California",19/03/2018,719739,1983,USA
SYF,Synchrony Financial,reports,Financials,Consumer Finance,"Stamford, Connecticut",18/11/2015,1601712,2003,USA
SNPS,Synopsys Inc.,reports,Information Technology,Application Software,"Mountain View, California",16/03/2017,883241,1986,USA
SYY,Sysco Corp.,reports,Consumer Staples,Food Distributors,"Houston, Texas",31/12/1986,96021,1969,USA
TMUS,T-Mobile US,reports,Communication Services,Wireless Telecommunication Services,"Bellevue, Washington",15/07/2019,1283699,1994,USA
TROW,T. Rowe Price Group,reports,Financials,Asset Management & Custody Banks,"Baltimore, Maryland",,1113169,1937,USA
TTWO,Take-Two Interactive,reports,Communication Services,Interactive Home Entertainment,"New York, New York",19/03/2018,946581,1993,USA
TPR,"Tapestry, Inc.",reports,Consumer Discretionary,"Apparel, Accessories & Luxury Goods","New York, New York",,1116132,2017,USA
TGT,Target Corp.,reports,Consumer Discretionary,General Merchandise Stores,"Minneapolis, Minnesota",31/12/1976,27419,1902,USA
TEL,TE Connectivity Ltd.,reports,Information Technology,Electronic Manufacturing Services,"Schaffhausen, Switzerland",17/10/2011,1385157,2007,Switzerland
TDY,Teledyne Technologies,reports,Industrials,Aerospace & Defense,"Thousand Oaks, California",22/06/2020,1094285,1960,USA
TFX,Teleflex,reports,Health Care,Health Care Equipment,"Wayne, Pennsylvania",18/01/2019,96943,1943,USA
TER,Teradyne,reports,Information Technology,Semiconductor Equipment,"North Reading, Massachusetts",21/09/2020,97210,1960,USA
TSLA,"Tesla, Inc.",reports,Consumer Discretionary,Automobile Manufacturers,"Palo Alto, California",21/12/2020,1318605,2003,USA
TXN,Texas Instruments,reports,Information Technology,Semiconductors,"Dallas, Texas",,97476,1930,USA
TXT,Textron Inc.,reports,Industrials,Aerospace & Defense,"Providence, Rhode Island",31/12/1978,217346,1923,USA
TMO,Thermo Fisher Scientific,reports,Health Care,Life Sciences Tools & Services,"Waltham, Massachusetts",03/08/2004,97745,1902,USA
TJX,TJX Companies Inc.,reports,Consumer Discretionary,Apparel Retail,"Framingham, Massachusetts",30/09/1985,109198,1987,USA
TSCO,Tractor Supply Company,reports,Consumer Discretionary,Specialty Stores,"Brentwood, Tennessee",24/01/2014,916365,1938,USA
TT,Trane Technologies plc,reports,Industrials,Building Products,"Dublin, Ireland",17/11/2010,1466258,1871,Ireland
TDG,TransDigm Group,reports,Industrials,Aerospace & Defense,"Cleveland, Ohio",03/06/2016,1260221,1993,USA
TRV,The Travelers Companies,reports,Financials,Property & Casualty Insurance,"New York, New York",21/08/2002,86312,1853,USA
TRMB,Trimble Inc.,reports,Information Technology,Electronic Equipment & Instruments,"Sunnyvale, California",21/01/2021,864749,1978,USA
TFC,Truist Financial,reports,Financials,Regional Banks,"Charlotte, North Carolina",04/12/1997,92230,1872,USA
TWTR,"Twitter, Inc.",reports,Communication Services,Interactive Media & Services,"San Francisco, California",07/06/2018,1418091,2006,USA
TYL,Tyler Technologies,reports,Information Technology,Application Software,"Plano, Texas",22/06/2020,860731,1966,USA
TSN,Tyson Foods,reports,Consumer Staples,Packaged Foods & Meats,"Springdale, Arkansas",,100493,1935,USA
UDR,"UDR, Inc.",reports,Real Estate,Residential REITs,"Highlands Ranch, Colorado",07/03/2016,74208,1972,USA
ULTA,Ulta Beauty,reports,Consumer Discretionary,Specialty Stores,"Bolingbrook, Illinois",18/04/2016,1403568,1990,USA
USB,U.S. Bancorp,reports,Financials,Diversified Banks,"Minneapolis, Minnesota",,36104,1968,USA
UAA,Under Armour (Class A),reports,Consumer Discretionary,"Apparel, Accessories & Luxury Goods","Baltimore, Maryland",01/05/2014,1336917,1996,USA
UA,Under Armour (Class C),reports,Consumer Discretionary,"Apparel, Accessories & Luxury Goods","Baltimore, Maryland",08/04/2016,1336917,1996,USA
UNP,Union Pacific Corp,reports,Industrials,Railroads,"Omaha, Nebraska",04/03/1957,100885,1862,USA
UAL,United Airlines Holdings,reports,Industrials,Airlines,"Chicago, Illinois",03/09/2015,100517,1967,USA
UNH,UnitedHealth Group Inc.,reports,Health Care,Managed Health Care,"Minnetonka, Minnesota",01/07/1994,731766,1977,USA
UPS,United Parcel Service,reports,Industrials,Air Freight & Logistics,"Atlanta, Georgia",22/07/2002,1090727,1907,USA
URI,"United Rentals, Inc.",reports,Industrials,Trading Companies & Distributors,"Stamford, Connecticut",20/09/2014,1067701,1997,USA
UHS,Universal Health Services,reports,Health Care,Health Care Facilities,"King of Prussia, Pennsylvania",20/09/2014,352915,1979,USA
UNM,Unum Group,reports,Financials,Life & Health Insurance,"Chattanooga, Tennessee",01/03/1994,5513,1999,USA
VLO,Valero Energy,reports,Energy,Oil & Gas Refining & Marketing,"San Antonio, Texas",,1035002,1980,USA
VAR,Varian Medical Systems,reports,Health Care,Health Care Equipment,"Palo Alto, California",12/02/2007,203527,1948,USA
VTR,Ventas Inc,reports,Real Estate,Health Care REITs,"Chicago, Illinois",04/03/2009,740260,1998,USA
VRSN,Verisign Inc.,reports,Information Technology,Internet Services & Infrastructure,"Dulles, Virginia",01/02/2006,1014473,1995,USA
VRSK,Verisk Analytics,reports,Industrials,Research & Consulting Services,"Jersey City, New Jersey",08/10/2015,1442145,1971,USA
VZ,Verizon Communications,reports,Communication Services,Integrated Telecommunication Services,"New York, New York",30/11/1983,732712,1877,USA
VRTX,Vertex Pharmaceuticals Inc,reports,Health Care,Biotechnology,"Cambridge, Massachusetts",23/09/2013,875320,1989,USA
VFC,VF Corporation,reports,Consumer Discretionary,"Apparel, Accessories & Luxury Goods","Denver, Colorado",30/06/1979,103379,1899,USA
VIAC,ViacomCBS,reports,Communication Services,Movies & Entertainment,"New York, New York",,813828,1952,USA
VTRS,Viatris,reports,Health Care,Pharmaceuticals,"Pittsburgh, Pennsylvania",23/04/2004,1792044,1961,USA
V,Visa Inc.,reports,Information Technology,Data Processing & Outsourced Services,"San Francisco, California",21/12/2009,1403161,1958,USA
VNO,Vornado Realty Trust,reports,Real Estate,Office REITs,"New York, New York",,899689,1982,USA
VMC,Vulcan Materials,reports,Materials,Construction Materials,"Birmingham, Alabama",30/06/1999,1396009,1909,USA
WRB,W. R. Berkley Corporation,reports,Financials,Property & Casualty Insurance,"Greenwich, Connecticut",05/12/2019,11544,1967,USA
WAB,Westinghouse Air Brake Technologies Corp,reports,Industrials,Construction Machinery & Heavy Trucks,"Wilmerding, Pennsylvania",27/02/2019,943452,1869,USA
WMT,Walmart,reports,Consumer Staples,Hypermarkets & Super Centers,"Bentonville, Arkansas",31/08/1982,104169,1962,USA
WBA,Walgreens Boots Alliance,reports,Consumer Staples,Drug Retail,"Deerfield, Illinois",31/12/1979,1618921,2014,USA
DIS,The Walt Disney Company,reports,Communication Services,Movies & Entertainment,"Burbank, California",30/06/1976,1744489,1923,USA
WM,Waste Management Inc.,reports,Industrials,Environmental & Facilities Services,"Houston, Texas",,823768,1968,USA
WAT,Waters Corporation,reports,Health Care,Health Care Distributors,"Milford, Massachusetts",,1000697,1958,USA
WEC,WEC Energy Group,reports,Utilities,Electric Utilities,"Milwaukee, Wisconsin",31/10/2008,783325,1896,USA
WFC,Wells Fargo,reports,Financials,Diversified Banks,"San Francisco, California",30/06/1976,72971,1852,USA
WELL,Welltower Inc.,reports,Real Estate,Health Care REITs,"Toledo, Ohio",30/01/2009,766704,1970,USA
WST,West Pharmaceutical Services,reports,Health Care,Health Care Supplies,"Exton, Pennsylvania",22/05/2020,105770,1923,USA
WDC,Western Digital,reports,Information Technology,"Technology Hardware, Storage & Peripherals","San Jose, California",01/07/2009,106040,1970,USA
WU,Western Union Co,reports,Information Technology,Data Processing & Outsourced Services,"Englewood, Colorado",29/09/2006,1365135,1851,USA
WRK,WestRock,reports,Materials,Paper Packaging,"Atlanta, Georgia",,1732845,2015,USA
WY,Weyerhaeuser,reports,Real Estate,Specialized REITs,"Federal Way, Washington",,106535,1900,USA
WHR,Whirlpool Corp.,reports,Consumer Discretionary,Household Appliances,"Benton Harbor, Michigan",,106640,1911,USA
WMB,Williams Companies,reports,Energy,Oil & Gas Storage & Transportation,"Tulsa, Oklahoma",31/03/1975,107263,1908,USA
WLTW,Willis Towers Watson,reports,Financials,Insurance Brokers,"London, United Kingdom",05/01/2016,1140536,2016,United Kingdom
WYNN,Wynn Resorts Ltd,reports,Consumer Discretionary,Casinos & Gaming,"Paradise, Nevada",14/11/2008,1174922,2002,USA
XEL,Xcel Energy Inc,reports,Utilities,Multi-Utilities,"Minneapolis, Minnesota",04/03/1957,72903,1909,USA
XLNX,Xilinx,reports,Information Technology,Semiconductors,"San Jose, California",08/11/1999,743988,1984,USA
XYL,Xylem Inc.,reports,Industrials,Industrial Machinery,"White Plains, New York",01/11/2011,1524472,2011,USA
YUM,Yum! Brands Inc,reports,Consumer Discretionary,Restaurants,"Louisville, Kentucky",06/10/1997,1041061,1997,USA
ZBRA,Zebra Technologies,reports,Information Technology,Electronic Equipment & Instruments,"Lincolnshire, Illinois",23/12/2019,877212,1969,USA
ZBH,Zimmer Biomet,reports,Health Care,Health Care Equipment,"Warsaw, Indiana",07/08/2001,1136869,1927,USA
ZION,Zions Bancorp,reports,Financials,Regional Banks,"Salt Lake City, Utah",22/06/2001,109380,1873,USA
ZTS,Zoetis,reports,Health Care,Pharmaceuticals,"Parsippany, New Jersey",21/06/2013,1555280,1952,USA
